project_name,url,project_id,sdtc,mcpc,mcve,star_number,commit_count,files,lines,pull_requests,github_repo_creation,earliest_commit,most_recent_commit,committer_count,author_count,domainant_domain,dominant_domain_committer_commits,dominant_domain_author_commits,dominant_domain_committers,dominant_domain_authors,cik,fg500,sec10k,sec20f,owner_login,company_name,owner_company,license,names,TypeScript,JavaScript,CSS,Inno Setup,HTML,Shell,Batchfile,SCSS,PowerShell,Groovy,C++,Python,Makefile,Perl,Ruby,Objective-C++,Objective-C,Clojure,Handlebars,Less,PHP,Julia,Visual Basic .NET,C,Pug,Go,F#,Java,CoffeeScript,Rust,C#,Dockerfile,R,Roff,ShaderLab,Swift,Lua,HLSL,Hack,CMake,LLVM,Emacs Lisp,Vim script,DTrace,D,sed,Kotlin,Smarty,Mustache,Vim Snippet,Vue,NASL,Cuda,Assembly,Starlark,PureBasic,Metal,GLSL,Yacc,Standard ML,Scala,HiveQL,PLpgSQL,q,ANTLR,Jupyter Notebook,Thrift,ReScript,XSLT,OCaml,Liquid,HCL,SWIG,MATLAB,Awk,Rich Text Format,PostScript,VBScript,ActionScript,DIGITAL Command Language,Prolog,FreeMarker,Gherkin,Sass,NSIS,EJS,GDB,Puppet,SMT,AL,M4,OpenEdge ABL,GAP,Brainfuck,Erlang,Haml,TSQL,Stylus,2020-03-22,2020-03-29,2020-04-05,2020-04-12,2020-04-19,2020-04-26,2020-05-03,2020-05-10,2020-05-17,2020-05-24,2020-05-31,2020-06-07,2020-06-14,2020-06-21,2020-06-28,2020-07-05,2020-07-12,2020-07-19,2020-07-26,2020-08-02,2020-08-09,2020-08-16,2020-08-23,2020-08-30,2020-09-06,2020-09-13,2020-09-20,2020-09-27,2020-10-04,2020-10-11,2020-10-18,2020-10-25,2020-11-01,2020-11-08,2020-11-15,2020-11-22,2020-11-29,2020-12-06,2020-12-13,2020-12-20,2020-12-27,2021-01-03,2021-01-10,2021-01-17,2021-01-24,2021-01-31,2021-02-07,2021-02-14,2021-02-21,2021-02-28,2021-03-07,2021-03-14
vscode,https://github.com/Microsoft/vscode,28947324,t,t,t,80406,55145,4210.0,1164007.0,5232,2015-09-03 20:23:38,2015-11-13 12:39:38,2019-05-31 22:11:06,831,1099,microsoft.com,43230,45274,54,323,789019.0,t,t,f,Microsoft,MICROSOFT CORPORATION,,MIT,"['editor', 'electron', 'visual-studio-code', 'typescript', 'microsoft']",33204570.0,1210740.0,549873.0,277637.0,160965.0,33728.0,8271.0,6732.0,6519.0,3928.0,3251.0,2405.0,2162.0,1922.0,1703.0,1387.0,1387.0,1206.0,1064.0,1029.0,998.0,940.0,893.0,818.0,654.0,652.0,634.0,599.0,590.0,532.0,488.0,425.0,362.0,351.0,330.0,284.0,252.0,184.0,16.0,,,,,,,,,,,,,,,,,,,,,,,,,,,,,,,,,,,,,,,,,,,,,,,,,,,,,,,,,,,,398,316,327,382,403,274,311,373,208,253,287,336,320,326,236,222,245,259,173,201,227,190,241,258,296,279,192,212,184,160,243,272,281,323,257,292,220,247,406,139,66,290,322,329,249,378,392,404,328,363,265,90
swift,https://github.com/apple/swift,29261651,t,f,f,51911,85545,,,24225,2015-10-23 21:15:07,2010-07-17 23:50:59,2019-05-31 23:32:06,805,912,apple.com,27079,34637,80,276,320193.0,t,t,f,Apple,APPLE INC,,Apache-2.0,[],,,,,,198065.0,15028.0,,,,41491436.0,1810752.0,1841.0,,2132.0,213072.0,460309.0,,,,,,,322731.0,,,,,,,,,,3495.0,,35799884.0,,,,579310.0,72347.0,57718.0,20118.0,2593.0,1107.0,1050.0,,,,,,,,,,,,,,,,,,,,,,,,,,,,,,,,,,,,,,,,,,,,,,,,,,,,,163,134,228,195,192,183,171,189,165,194,134,186,140,128,174,138,150,170,165,166,166,128,161,158,145,96,189,134,165,141,156,149,147,169,164,26,144,147,115,70,38,129,173,144,175,191,219,138,192,180,113,16
TypeScript,https://github.com/Microsoft/TypeScript,10941284,t,t,t,51745,41276,53969.0,4923142.0,9175,2014-06-17 15:28:39,2014-07-07 22:08:16,2019-05-31 23:19:27,459,544,microsoft.com,18443,21455,29,121,789019.0,t,t,f,Microsoft,MICROSOFT CORPORATION,,Apache-2.0,"['typescript', 'javascript', 'language', 'typechecker']",105209348.0,175.0,,,,47.0,,,2855.0,,,,,,,,,,,,,,,,,,,,,,,6265.0,,,,,,,,,,,,,,,,,,,,,,,,,,,,,,,,,,,,,,,,,,,,,,,,,,,,,,,,,,,,,,,,,,,30,55,41,24,51,27,49,40,40,44,30,20,42,34,33,53,27,17,21,27,15,38,24,28,43,34,44,33,51,21,29,43,37,24,14,21,35,26,29,10,11,31,26,20,22,27,22,29,26,36,32,5
spring-boot,https://github.com/spring-projects/spring-boot,4952344,t,f,f,39634,22099,6242.0,574034.0,3365,2012-10-19 15:02:57,2013-07-24 10:28:30,2019-05-31 22:17:55,278,741,pivotal.io,19061,17226,21,615,1574135.0,f,t,f,spring-projects,,,Apache-2.0,"['java', 'spring-boot', 'spring', 'framework']",,37722.0,450.0,,70165.0,43188.0,2141.0,,,26659.0,,,,,7877.0,,,,,,,,,,,,,19527018.0,,,,2558.0,,,,,,,,,,,,,,,62780.0,2882.0,449.0,135.0,,,,,,,,,,,,,,,,,,,,,,,,,,,,,,,,,,,,,,,,,,,,,,,,,96,109,71,62,84,173,56,89,20,26,72,153,80,64,38,41,51,146,59,111,98,38,56,21,62,148,47,51,35,82,65,172,43,64,21,9,28,154,44,28,4,36,115,95,30,28,98,101,46,34,36,83
element,https://github.com/ElemeFE/element,44989079,f,f,t,39620,5317,1069.0,177763.0,3662,2016-09-03 06:19:26,2016-07-27 06:15:02,2019-05-31 09:06:40,209,570,ele.me,53,63,6,8,,,,,ElemeFE,,,MIT,"['vue', 'components', 'javascript', 'vue-components', 'ui-kit', 'element-ui', 'vuejs']",,520947.0,,,,3901.0,,273118.0,,,,,1222.0,,,,,,,,,,,,,,,,,,,,,,,,,,,,,,,,,,,,,,1154038.0,,,,,,,,,,,,,,,,,,,,,,,,,,,,,,,,,,,,,,,,,,,,,,,,0,0,10,5,1,0,0,0,9,0,0,0,0,0,0,0,0,0,0,0,0,1,0,0,0,1,0,0,0,0,0,12,0,10,0,0,0,0,1,0,4,1,4,1,1,4,0,0,4,0,0,0
Terminal,https://github.com/Microsoft/Terminal,134861790,t,t,t,37759,512,1732.0,236460.0,172,2017-08-11 18:38:22,2018-10-08 16:09:01,2019-05-31 21:43:51,54,101,microsoft.com,249,236,8,76,789019.0,t,t,f,Microsoft,MICROSOFT CORPORATION,,MIT,"['console', 'terminal', 'cmd', 'wsl', 'windows-console', 'command-line', 'windows-terminal']",,894.0,,,552.0,,25991.0,,83890.0,,15159833.0,7996.0,,,,,75.0,,,,30107.0,,,160641.0,,,,,,,430253.0,,,7142.0,,,,,,,,,,,,,,,,,,1472.0,,,,,,,,,,,,,,,,,,,,,,,,,,,,,,,,,,,,,,,,,,,,,,,33,23,24,22,28,27,26,19,11,15,36,23,20,15,11,22,32,4,9,17,21,23,16,8,12,11,8,8,12,25,15,25,21,19,17,5,26,17,24,1,1,16,19,25,14,26,27,28,17,6,17,5
awesome-android-ui,https://github.com/wasabeef/awesome-android-ui,14451906,t,f,f,36222,416,396.0,712.0,168,2014-12-24 01:45:03,2014-12-24 00:45:03,2018-09-19 09:45:33,48,54,cyberagent.co.jp,25,25,3,3,,,,,wasabeef,,"CyberAgent, Inc.",,"['android', 'awesome', 'ui']",,,,,,,,,,,,,,,,,,,,,,,,,,,,,,,,,,,,,,,,,,,,,,,,,,,,,,,,,,,,,,,,,,,,,,,,,,,,,,,,,,,,,,,,,,,,,,,,,,,0,0,0,0,2,0,0,0,0,0,0,0,0,0,0,0,0,0,1,0,0,0,11,1,1,0,0,0,0,0,0,0,0,0,1,19,3,0,0,0,0,2,1,0,0,0,1,0,0,0,0,0
brackets,https://github.com/adobe/brackets,392,t,f,f,35448,22312,2254.0,590854.0,5459,2011-12-07 21:14:40,2011-12-07 21:20:16,2019-05-21 09:52:33,462,503,adobe.com,5624,5721,29,39,796343.0,f,t,f,adobe,ADOBE INC.,,MIT,[],,13258040.0,187807.0,,2065660.0,12541.0,2667.0,5072.0,,,,,2186.0,,9040.0,,,28.0,872.0,218278.0,27024.0,,,,,,,,,,,,,,,,,,2646.0,,,,,,,,,,,,,,,,,,,,,,,,,,,,,,,,,,,,,,,,,,,,,,,,,,,,,,,,,,,,5,0,0,0,0,0,0,0,0,0,0,0,0,0,0,0,0,0,0,0,0,0,0,0,0,0,0,0,0,0,0,0,0,0,0,0,0,0,0,0,0,0,0,0,0,0,0,0,0,1,0,0
android-architecture,https://github.com/googlesamples/android-architecture,34222729,t,f,f,33717,788,,,277,2016-02-05 13:42:07,2016-03-02 22:05:02,2019-03-24 10:14:57,62,79,google.com,385,513,6,15,1652044.0,f,t,f,googlesamples,Alphabet Inc.,,Apache-2.0,"['android-architecture', 'android', 'samples']",,,,,,,,,,,,,,,,,,,,,,,,,,,,,,,,,,,,,,,,,,,,,,,219835.0,,,,,,,,,,,,,,,,,,,,,,,,,,,,,,,,,,,,,,,,,,,,,,,,,,,,0,0,0,0,0,0,0,0,0,0,0,0,0,0,0,0,0,0,0,0,0,0,0,0,0,0,0,1,0,0,0,0,0,0,0,0,0,0,0,0,0,0,0,0,0,0,0,0,0,0,0,0
guava,https://github.com/google/guava,13066443,t,f,f,33393,6667,3241.0,1026892.0,441,2014-05-29 16:23:17,2009-06-18 18:11:55,2019-05-28 15:17:22,69,367,google.com,3749,3773,12,234,1652044.0,f,t,f,google,Alphabet Inc.,,Apache-2.0,"['guava', 'java']",,527.0,11478.0,,,1380.0,,,,,,,,,,,,,,,,,,,,,,25037145.0,,,,,,,,,,,,,,,,,,,,,,,,,,,,,,,,,,,,,,,,,,,,,,,,,,,,,,,,,,,,,,,,,,,,,,,3,7,10,5,5,2,3,6,0,1,6,7,7,4,2,6,3,4,0,4,4,4,2,2,2,10,3,9,6,13,1,4,6,19,1,3,6,3,6,2,3,1,0,2,2,1,2,2,6,4,3,1
pytorch,https://github.com/pytorch/pytorch,55146401,t,f,f,29534,40292,6398.0,1244960.0,12447,2016-08-13 05:26:41,2012-01-25 13:55:20,2019-05-31 23:38:48,547,1230,fb.com,9588,14097,79,226,,,,,pytorch,,,NOASSERTION,"['neural-network', 'autograd', 'gpu', 'numpy', 'deep-learning', 'tensor', 'python', 'machine-learning']",,,2197.0,,5204.0,315920.0,20212.0,,2772.0,,34015189.0,21765377.0,899.0,,12123.0,368667.0,15666.0,,,,,,,2307816.0,,,,120705.0,,,,36165.0,,,,,926.0,,,790660.0,1605.0,,154.0,,,,,,,,,,3545037.0,243114.0,130013.0,115115.0,42755.0,40014.0,3848.0,,,,,,,,,,,,,,,,,,,,,,,,,,,,,,,,,,,,,,,,255,211,206,192,233,192,287,237,163,164,163,195,230,214,115,173,161,127,156,192,156,158,164,238,178,198,215,219,185,173,146,163,187,242,183,31,232,214,201,94,34,188,169,168,183,250,171,161,173,259,253,61
kotlin,https://github.com/JetBrains/kotlin,35846,t,f,f,28952,139293,89099.0,3569912.0,2367,2012-02-13 17:29:58,2010-11-08 11:03:36,2019-05-31 21:44:00,299,428,jetbrains.com,89266,90099,60,305,,,,,JetBrains,,,,"['kotlin', 'programming-language', 'compiler', 'gradle-plugin', 'maven-plugin', 'kotlin-library', 'intellij-plugin']",,,,,,,,,,,,,,,,,,,,,,,,,,,,,,,,,,,,,,,,,,,,,,,,,,,,,,,,,,,,,,,,,,,,,,,,,,,,,,,,,,,,,,,,,,,,,,,,,,,373,308,319,305,300,235,300,188,236,283,355,240,307,230,211,268,216,221,150,168,163,185,232,247,217,211,187,211,220,227,152,138,168,204,224,219,201,214,152,164,68,76,169,170,230,230,211,223,134,189,164,32
echarts,https://github.com/ecomfe/echarts,3228357,f,t,t,25851,4044,,,213,2013-04-03 03:18:59,2013-04-03 05:02:23,2018-03-30 14:13:11,64,72,baidu.com,1173,1204,5,5,1329099.0,f,f,t,ecomfe,"Baidu, Inc.",,Apache-2.0,"['echarts', 'data-visualization', 'charts', 'charting-library', 'visualization', 'apache', 'data-viz', 'canvas', 'svg']",3756317.0,913899.0,,,6699.0,,,,,,,,,,,,,,,,,,,,,,,,,,,,,,,,,,,,,,,,,,,,,,,,,,,,,,,,,,,,,,,,,,,,,,,,,,,,,,,,,,,,,,,,,,,,,,21,25,11,6,19,24,16,11,18,23,19,32,7,33,16,33,66,78,130,24,15,18,10,6,6,18,34,38,19,52,49,22,22,37,9,3,10,12,8,14,21,33,13,4,5,7,2,2,5,1,3,2
Rocket.Chat,https://github.com/RocketChat/Rocket.Chat,20281355,f,f,t,23989,25653,3233.0,494216.0,5255,2015-05-19 07:36:09,2015-05-19 05:36:09,2019-05-31 22:03:58,531,708,rocket.chat,1265,1551,3,6,,,,,RocketChat,,,MIT,"['chat', 'meteor', 'javascript', 'collaboration', 'webrtc', 'real-time', 'slack', 'foss', 'free', 'mit', 'hacktoberfest']",876924.0,6487350.0,689975.0,,375773.0,22828.0,549.0,,,,,,,,,,,,463.0,,,,,,,,,,,,,4169.0,,,,,,,,,,,,,,,,1052.0,,,,,,,,,,,,1843.0,,,,,,,,,,,,,,,,,,,,,,,,,,,,,,,,,,,,,,,32,67,29,58,47,18,37,27,49,20,23,28,68,29,38,14,16,40,32,11,10,41,22,8,22,38,31,9,20,16,28,32,17,36,67,25,27,18,23,28,28,34,32,37,25,39,41,44,25,13,6,1
spark,https://github.com/apache/spark,8196280,t,f,f,23333,93979,16246.0,1830610.0,24576,2014-02-25 08:00:08,2010-03-29 23:17:55,2019-05-31 23:27:20,2039,2505,databricks.com,20679,14934,46,858,,,,,apache,,,Apache-2.0,"['python', 'scala', 'r', 'java', 'big-data', 'jdbc', 'sql', 'spark']",,232618.0,24589.0,,41080.0,220857.0,25771.0,,3882.0,,,3991864.0,1593.0,,,,,,,,,,,1493.0,,,,4012030.0,,,,9453.0,1259280.0,27799.0,,,,,,,,,,,,,,,,,,,,,,,,,,,36545933.0,1872438.0,352403.0,98156.0,50893.0,31859.0,2016.0,240.0,,,,,,,,,,,,,,,,,,,,,,,,,,,,,,,59,54,47,54,65,60,46,45,47,45,48,54,49,32,34,52,52,61,65,46,41,48,50,44,56,56,41,46,53,56,51,50,43,63,67,52,82,66,83,60,47,80,64,56,74,59,47,36,65,63,42,13
styleguide,https://github.com/google/styleguide,20286473,t,f,f,21199,323,48.0,46121.0,243,2015-05-20 19:18:59,2009-10-09 19:18:45,2019-04-23 07:48:28,71,88,google.com,24,38,7,8,1652044.0,f,t,f,google,Alphabet Inc.,,Apache-2.0,"['cpplint', 'styleguide', 'style-guide']",,10905.0,12281.0,,588125.0,,,126.0,,,,236467.0,,,,,,,,,,,,84.0,,,,,,,,,,,,,,,,,,6198.0,1607.0,,,,,,,,,,,,,,,,,,,,,,,,,,47122.0,,,,,,,,,,,,,,,,,,,,,,,,,,,,,,0,0,0,1,0,1,0,1,2,1,3,0,1,1,1,2,1,3,1,3,0,0,0,0,0,2,2,0,0,0,0,0,0,1,0,0,0,0,1,0,1,0,1,0,2,0,0,0,0,0,0,0
flow,https://github.com/facebook/flow,13407509,t,f,f,20769,10141,11291.0,816958.0,1735,2014-10-28 17:17:45,2014-11-15 23:54:11,2019-05-31 20:53:21,242,799,fb.com,3577,4403,26,272,,,,,facebook,,,MIT,[],,3014365.0,,,35768.0,268758.0,,45501.0,,,5813.0,3830.0,27554.0,,26189.0,,,,,,,,,112238.0,,,,,,,,4611.0,,,,,,,,,,,,,,,,,,,,,,,,,,,,17465.0,,,,,,,,,,8200823.0,17387.0,,,,,,,,,,,,,,,,,,,,,,,,,,,,24,29,37,44,33,35,47,31,21,30,41,29,29,15,10,12,29,14,8,25,9,57,22,27,15,18,21,26,32,41,28,30,12,16,12,1,17,34,22,10,14,13,25,16,22,38,36,42,13,29,35,16
fastjson,https://github.com/alibaba/fastjson,2922319,t,f,f,20200,3697,2960.0,255084.0,324,2011-11-03 06:58:52,2011-07-31 10:03:29,2019-05-29 07:31:28,105,116,alibaba-inc.com,1668,1808,7,9,,,,,alibaba,,,Apache-2.0,"['fastjson', 'java', 'android', 'json', 'json-parser', 'json-serialization', 'json-serializer', 'serialization', 'deserialization', 'best-performance']",,3661.0,,,,414.0,,,,,,,,,,,,,,,,,,,,,,7321824.0,,,,,,,,,,,,,,,,,,,5407.0,,,,,,,,,,,,,,,,,,,,,,,,,,,,,,,,,,,,,,,,,,,,,,,,,,,,17,3,5,2,1,1,23,10,9,4,10,18,6,32,6,8,5,5,8,4,0,4,3,3,3,3,3,4,9,14,2,6,6,1,2,0,0,0,0,0,1,2,1,0,0,3,0,0,0,1,0,0
fastText,https://github.com/facebookresearch/fastText,42777340,t,f,f,19009,321,515.0,42431.0,162,2016-07-16 13:38:42,2016-07-21 16:06:29,2019-04-29 08:09:30,29,55,fb.com,65,229,13,11,,,,,facebookresearch,,,MIT,[],,178353.0,35247.0,,1200417.0,35007.0,,,,,183967.0,111577.0,4217.0,1995.0,,,,,,,,,,,,,,,,,,,,,,,,,,2214.0,,,,,,,,,,,,,,,,,,,,,,,,,,,,,,,,,,,,,,,,,,,,,,,,,,,,,,,,,,,5,0,2,0,0,4,2,0,0,2,0,0,0,0,0,0,2,0,0,0,0,0,0,0,0,0,0,0,0,0,0,0,0,0,0,0,0,0,0,0,0,0,0,0,0,0,0,0,0,0,0,0
material2,https://github.com/angular/material2,30500617,t,f,f,18908,12509,,,6627,2016-01-04 18:50:02,2016-01-04 18:50:02,2019-04-25 16:42:54,241,475,google.com,7356,3939,16,353,1652044.0,f,t,f,angular,Alphabet Inc.,,MIT,"['angular', 'material-design', 'material', 'angular-components']",10122269.0,108938.0,45704.0,,689954.0,24185.0,,690133.0,,,,,,,,,,,2018.0,,,,,,,,,,,,,,,,,,,,,,,,,,,,,,,,,,,,471267.0,,,,,,,,,,,,,,,,,,,,,,,,,,,,,,,,,,,,,,,,,,,,10,23,32,10,49,12,36,23,26,14,26,54,51,29,42,58,31,34,39,28,49,43,22,20,20,26,20,31,27,28,21,28,40,27,29,21,30,23,29,0,2,68,41,21,39,38,37,29,39,38,30,20
polymer,https://github.com/Polymer/polymer,3722347,t,f,f,18658,7330,195.0,84748.0,1270,2012-08-23 20:56:30,2013-01-24 00:11:23,2019-05-31 23:38:05,150,181,google.com,4189,4571,22,25,1652044.0,f,t,f,Polymer,Alphabet Inc.,,NOASSERTION,"['polymer', 'web-components']",,705208.0,564.0,,1223324.0,1781.0,,,,,,,,,,,,,,,,,,,,,,,,,,,,,,,,,,,,,,,,,,,,,,,,,,,,,,,,,,,,,,,,,,,,,,,,,,,,,,,,,,,,,,,,,,,,,2,10,2,2,2,12,1,2,0,0,0,0,0,0,1,1,0,0,0,0,0,1,0,0,0,0,0,0,0,0,0,0,0,0,1,0,0,0,0,0,0,1,0,0,0,0,0,0,0,0,0,0
NativeScript,https://github.com/NativeScript/NativeScript,16922941,t,f,f,17870,9679,3058.0,1896977.0,2295,2015-03-01 09:47:08,2014-03-12 15:26:58,2019-05-31 16:16:33,126,182,telerik.com,2242,2664,11,78,,,,,NativeScript,,,Apache-2.0,"['nativescript', 'android', 'ios', 'angular', 'vue', 'flexbox', 'css', 'typescript', 'javascript', 'cross-platform']",3888280.0,306579.0,38802.0,,1307.0,13115.0,198.0,65.0,,,,,162.0,,289.0,,30811.0,,,,,,,,,,,538036.0,,,,,,,,,,,,,,,,,,,,,,,,,,,,,,,,,,,,,,,,,,,,,,,,,,,,,,,,,,,,,,,,,,,,,,,6,10,4,2,1,0,1,0,0,0,10,4,9,2,3,7,0,7,0,2,2,1,10,5,16,2,15,10,6,3,3,5,1,14,3,0,0,0,4,0,13,4,4,8,19,14,3,3,8,3,0,0
istio,https://github.com/istio/istio,51981313,t,f,f,17683,21090,4412.0,793105.0,9038,2016-11-18 23:57:21,2016-11-19 00:40:18,2019-05-31 22:36:28,331,481,google.com,4465,6401,45,159,1652044.0,f,t,f,istio,Alphabet Inc.,,Apache-2.0,"['microservices', 'service-mesh', 'lyft-envoy', 'kubernetes', 'api-management', 'circuit-breaker', 'polyglot-microservices', 'enforce-policies', 'proxies', 'microservice', 'envoy', 'consul', 'nomad', 'request-routing', 'resiliency', 'fault-injection']",,,,,,129241.0,,,,,,11895.0,78607.0,,317.0,,,,,,,,,,,9830751.0,,,,,,1212.0,,,,,,,,,,,,,,,,5836.0,,,,,,,,,,,,,,,,,,,,,,,,,,,,,,,,,,,,,,,,,,,,,,,,,,,78,72,68,65,90,78,68,56,50,55,86,52,59,91,42,99,93,104,59,87,85,72,63,81,63,66,58,65,54,66,74,71,69,88,67,38,52,51,46,17,25,63,75,72,63,42,40,49,63,75,61,18
terraform,https://github.com/hashicorp/terraform,11065419,f,t,t,17540,42410,6593.0,1620634.0,8696,2014-03-13 22:25:48,2014-05-21 21:28:53,2019-05-31 21:20:52,1061,1583,hashicorp.com,4581,4796,9,9,,,,,hashicorp,,,MPL-2.0,"['graph', 'infrastructure-as-code', 'terraform', 'cloud', 'cloud-management']",,,,,50798.0,9528.0,,,,,,,1839.0,,,,,,,,,,,,,7856573.0,,,,,,805.0,,,,,,,,,,,,,,,,,,,,,,,,,,,,,,,,,,,,,,,,1952.0,,,,,,,,,,,,,,,,,,,,,,,,,,,47,68,49,34,44,21,46,37,31,33,41,43,44,48,26,22,19,24,10,13,41,26,32,53,50,31,82,75,62,59,59,57,25,23,52,17,83,37,24,1,1,23,59,20,16,18,34,41,35,4,17,4
nightmare,https://github.com/segmentio/nightmare,9039695,f,t,t,17401,1084,53.0,10853.0,373,2014-04-05 22:19:51,2014-04-06 02:16:38,2019-04-27 06:40:39,111,135,segment.com,0,0,0,0,,,,,segmentio,,,,"['electron', 'headless-chrome', 'browser', 'phantomjs', 'chrome']",,146799.0,42.0,,,2211.0,,,,,,,712.0,,,,,,,,,,,,,,,,,,,,,,,,,,,,,,,,,,,,,,,,,,,,,,,,,,,,,,,,,,,,,,,,,,,,,,,,,,,,,,,,,,,,,,0,0,0,0,0,0,0,0,0,0,0,0,0,0,0,0,0,0,0,0,0,0,0,0,0,0,0,0,0,0,0,0,0,0,0,0,0,0,0,0,0,0,0,0,0,0,0,0,0,0,0,0
CNTK,https://github.com/Microsoft/CNTK,31340100,t,t,t,17334,28417,3091.0,8400915.0,505,2015-11-26 09:52:06,2015-07-16 18:35:35,2019-05-31 20:35:26,266,318,microsoft.com,13304,13496,86,122,789019.0,t,t,f,Microsoft,MICROSOFT CORPORATION,,NOASSERTION,"['cognitive-toolkit', 'cntk', 'deep-learning', 'machine-learning', 'deep-neural-networks', 'neural-network', 'distributed', 'python', 'c-plus-plus', 'c-sharp', 'java']",,,,,2164.0,176846.0,43142.0,,131647.0,,10911422.0,2396698.0,84671.0,12728.0,,,,,,,,,,57663.0,,,,12743.0,,,201374.0,21103.0,,,,,,,,35987.0,,,,,,,,,,,,,762435.0,,,,,,,,,,,,,4765537.0,,,,,,,167469.0,2932.0,675.0,,,,,,,,,,,,,,,,,,,,,,,,4,1,0,0,0,0,0,0,0,0,0,0,0,0,0,0,0,0,0,0,0,0,0,0,0,0,0,0,0,0,0,0,0,0,0,0,0,0,0,0,0,0,0,0,0,0,0,0,0,0,0,0
metasploit-framework,https://github.com/rapid7/metasploit-framework,853,t,t,t,17172,52470,10237.0,1920151.0,8695,2011-08-30 06:13:20,1970-01-02 00:00:00,2019-05-31 20:18:02,895,1018,rapid7.com,22981,22256,40,123,1560327.0,f,t,f,rapid7,"RAPID7, INC.",,NOASSERTION,['hacktoberfest'],,54636.0,5308.0,,60892.0,11561.0,2094.0,,1015664.0,,5602.0,190789.0,2630.0,,34564286.0,,6387.0,,,,1960.0,,,577447.0,,16286.0,,10451.0,,,,4175.0,,,,,,,,,,,,,,,,,,,,,,34413.0,,,,,,,,,,,,,,,,,,,,,,30225.0,5010.0,2362.0,636.0,68.0,,,,,,,,,,,,,,,,,,,109,76,83,134,99,118,95,76,78,67,45,107,107,81,59,90,44,90,61,64,136,88,70,65,45,85,69,63,85,37,49,67,58,65,70,59,72,109,54,27,14,74,38,58,59,38,34,31,36,31,29,10
minio,https://github.com/minio/minio,19860558,t,f,f,16670,8924,,,3819,2015-01-14 19:23:58,2015-04-30 21:29:03,2019-05-31 16:23:55,106,200,minio.io,5507,5217,10,121,,,,,Minio,,,Apache-2.0,"['go', 'storage', 'cloud', 's3', 'objectstorage', 'cloudstorage', 'amazon-s3', 'cloudnative']",,318886.0,3476.0,,4512.0,134421.0,,,,,,34593.0,4943.0,,29045.0,,,,,52306.0,36177.0,,,,,7438017.0,,44093.0,,,,1296.0,,,,,,,,,,,,,,,,,,,,,,6392.0,,,,,,,,,,,,,27990.0,,,,,,,,,,,,,,,,,,,,,,,,,,,,,,,,22,20,31,35,25,33,31,33,37,39,19,27,31,20,25,33,35,33,17,30,26,30,34,30,29,34,36,28,17,26,15,29,33,27,29,23,28,36,27,20,17,29,22,29,27,38,38,24,28,38,31,8
fresco,https://github.com/facebook/fresco,18004957,t,f,f,16361,2506,2623.0,1176253.0,332,2015-03-02 09:58:04,2015-03-24 02:28:31,2019-05-31 18:37:08,130,322,fb.com,678,1177,22,70,,,,,facebook,,,MIT,[],,,,,,1518.0,,,,,226283.0,10170.0,10754.0,,,,,,,,,,,53155.0,,,,3844595.0,,,,,,,,,,,,,,,,,,,8108.0,,,,,,,,,,,,,,,,,,,,,,,,,,,,,,,,,,153.0,,,,,,,,,,,,,,,,,,10,11,6,5,4,27,16,10,5,6,9,16,25,7,5,5,5,4,11,7,8,4,10,7,21,1,2,2,7,42,5,11,4,6,5,1,8,5,21,3,0,6,8,8,5,9,10,9,6,4,4,1
draft-js,https://github.com/facebook/draft-js,32547590,t,f,f,16355,1518,491.0,136018.0,754,2016-02-19 20:18:26,2016-02-22 17:47:16,2019-05-29 04:24:29,138,267,fb.com,182,190,19,58,,,,,facebook,,,NOASSERTION,[],,885683.0,10480.0,,,,,,,,,,,,,,,,,,,,,,,,,,,,,,,,,,,,,,,,,,,,,,,,,,,,,,,,,,,,,,,,,,,,,,,,,,,,,,,,,,,,,,,,,,,,,,,,8,4,3,3,6,5,3,3,7,1,3,1,0,0,1,3,3,6,13,2,1,4,3,4,1,2,7,3,7,11,9,0,3,7,0,0,2,3,2,0,0,3,0,0,1,0,2,3,0,2,3,2
p3c,https://github.com/alibaba/p3c,74766411,t,f,f,16239,236,362.0,28727.0,72,2017-06-23 06:15:51,2017-09-15 05:33:12,2019-04-02 08:53:10,25,35,alibaba-inc.com,61,63,6,6,,,,,alibaba,,,Apache-2.0,[],,,47.0,,,,,,,,,,,,,,,,,,,,,,,,,297382.0,,,,,,,,,,,,,,,,,,,322607.0,,,,,,,,,,,,,,,,,,,,,,,,,,,,,,,,,,,243.0,,,,,,,,,,,,,,,,,0,0,0,0,4,1,1,1,0,1,0,0,0,1,0,0,0,1,0,4,0,4,1,0,0,0,0,0,0,1,1,0,0,0,0,0,0,0,0,0,0,2,0,0,0,0,0,0,0,0,0,0
consul,https://github.com/hashicorp/consul,9238699,f,t,t,16155,17839,7087.0,2126884.0,2710,2013-11-04 22:15:27,2013-11-04 21:15:27,2019-05-29 14:41:58,432,586,hashicorp.com,1713,2091,8,43,,,,,hashicorp,,,MPL-2.0,[],,1187933.0,24045.0,,1205.0,264991.0,,328722.0,,,,,18932.0,,,,,,348477.0,,,,,,,10335231.0,,,,,,1394.0,,,,,,,,,,,,,,,,,,,,,,,,,,,,,,,,,,,,,,,,52920.0,,,,,,,,,,,168456.0,,,,,,,,,,,,,,,,34,55,43,70,40,63,75,106,41,24,48,49,62,43,34,55,32,47,48,27,50,26,29,41,44,54,35,60,131,58,65,51,82,77,66,21,49,42,50,23,2,49,28,36,48,35,30,25,23,5,18,1
calculator,https://github.com/Microsoft/calculator,128227145,f,t,t,15845,430,722.0,288361.0,198,2019-01-28 17:55:49,2019-01-29 03:14:15,2019-05-31 19:55:06,37,61,microsoft.com,68,59,3,16,789019.0,t,t,f,Microsoft,MICROSOFT CORPORATION,,MIT,"['uwp', 'windows', 'windows-10', 'xaml', 'cpp', 'csharp']",,,,,,1286.0,,,6830.0,,2420315.0,,,,,,,,,,,,,11391.0,,,,,,,227049.0,,,,,,,,,,,,,,,,,,,,,,,,,,,,,,,,,,,,,,,,,,,,,,,,,,,,,,,,,,,,,,,,,,,,14,10,9,4,5,3,12,6,6,5,12,1,5,2,2,1,4,4,2,2,6,1,1,5,0,5,3,1,0,0,1,6,5,3,0,1,2,1,2,0,0,2,4,3,1,7,0,0,0,2,2,0
source-code-pro,https://github.com/adobe-fonts/source-code-pro,11227723,t,f,f,15736,328,101.0,323.0,23,2012-08-09 23:14:02,2012-08-09 23:14:03,2019-04-23 18:57:49,18,25,adobe.com,281,280,4,11,796343.0,f,t,f,adobe-fonts,ADOBE INC.,,OFL-1.1,"['opentype-fonts', 'otf', 'afdko', 'ttf-fonts', 'fonts', 'variable-fonts']",,,6457.0,,,,,,,,,,,,,,,,,,,,,,,,,,,,,,,,,,,,,,,,,,,,,,,,,,,,,,,,,,,,,,,,,,,,,,,,,,,,,,,,,,,,,,,,,,,,,,,,0,0,0,0,0,1,0,0,0,0,0,0,0,0,0,0,0,0,0,0,0,0,0,0,0,0,0,0,0,0,0,0,0,0,1,0,0,0,0,0,0,0,1,0,0,0,0,0,0,0,0,0
monaco-editor,https://github.com/Microsoft/monaco-editor,38841108,t,t,t,15638,506,327.0,265657.0,91,2016-06-07 16:56:31,2016-06-16 08:42:50,2019-05-05 23:48:44,40,63,microsoft.com,314,409,5,5,789019.0,t,t,f,Microsoft,MICROSOFT CORPORATION,,MIT,"['monaco-editor', 'vscode', 'editor', 'browser', 'typescript']",31361.0,3043971.0,18248.0,,346360.0,2930.0,,4748.0,,,,,,,,,,,39196.0,,,,,,,,,,,,,,,,,,,,,,,,,,,,,,,,,,,,,,,,,,,,,,,,,,,,,,,,,,,,,,,,,31254.0,,,,,,,,,,,,,,,0,0,0,0,1,0,0,2,0,0,0,0,0,0,0,0,0,0,0,3,0,0,0,2,10,8,12,3,1,0,0,0,0,0,0,0,1,2,0,1,8,0,0,3,6,4,0,3,0,4,2,0
mint-ui,https://github.com/ElemeFE/mint-ui,38186611,f,f,t,15257,604,240.0,19324.0,333,2016-05-17 09:54:10,2016-06-03 05:50:22,2018-09-26 08:50:24,27,54,ele.me,0,0,0,0,,,,,ElemeFE,,,MIT,"['vue', 'vue-components', 'component', 'ui-kit', 'mobile']",,61614.0,54657.0,,,483.0,,,,,,,763.0,,,,,,,,,,,,,,,,,,,,,,,,,,,,,,,,,,,628.0,,,204851.0,,,,,,,,,,,,,,,,,,,,,,,,,,,,,,,,,,,,,,,,,,,,,,,,0,0,0,0,0,0,0,0,0,0,0,0,0,0,0,0,0,0,0,0,0,0,0,0,0,0,0,0,0,0,0,0,0,0,0,0,0,0,0,0,0,0,0,0,0,0,0,0,0,0,0,0
blueprint,https://github.com/palantir/blueprint,50519944,t,f,f,14891,9436,1862.0,133529.0,1672,2016-10-25 21:17:50,2016-10-25 21:25:13,2019-05-30 19:15:06,133,239,palantir.com,4216,4462,43,169,,,,,palantir,,,Apache-2.0,"['react', 'components', 'typescript', 'lerna', 'design', 'system', 'ui', 'toolkit', 'table', 'sass', 'blueprint', 'octo-correct-managed']",3417817.0,71266.0,,,11816.0,15210.0,,339887.0,,,,,,,,,,,,,,,,,,,,,,,,,,,,,,,,,,,,,,,,,,,,,,,,,,,,,,,,,,,,,,,,,,,,,,,,,,,,,,,,,,,,,,,,,,,0,1,6,4,16,7,2,3,21,6,3,5,3,2,2,5,5,4,8,4,6,1,2,2,8,0,16,10,3,5,9,2,0,11,3,0,0,4,1,0,0,4,4,12,5,2,2,3,4,8,9,0
npm,https://github.com/npm/npm,7212135,f,t,t,14858,12613,2.0,91.0,1750,2009-09-29 17:21:24,2011-01-05 22:32:31,2018-07-12 22:40:00,178,562,npmjs.com,181,135,3,17,,,,,npm,,,,[],,,,,,,,,,,,,,,,,,,,,,,,,,,,,,,,,,,,,,,,,,,,,,,,,,,,,,,,,,,,,,,,,,,,,,,,,,,,,,,,,,,,,,,,,,,,,,,,,,,0,0,0,0,0,0,0,0,0,0,0,0,0,0,0,0,0,0,0,2,0,0,0,0,0,0,0,0,0,0,0,0,0,0,0,0,0,0,0,0,0,0,0,0,0,0,0,0,0,0,0,0
odoo,https://github.com/odoo/odoo,9706049,t,f,f,14670,159821,24218.0,13644625.0,21321,2014-05-13 15:38:58,2006-12-07 12:41:40,2019-05-31 15:53:31,1105,1595,odoo.com,70836,72626,189,1065,,,,,odoo,,,NOASSERTION,"['odoo', 'python', 'business', 'management', 'odoo-apps', 'erp', 'apps']",,19953467.0,281514.0,,101281.0,39306.0,9611.0,992354.0,,,,19288924.0,12998.0,,220.0,,,,,9647.0,,,,,,,,,,,,,,,,,,,,,,,406.0,,,,,,,,,,,,,,,,,,,,,,,,,,11489.0,,,,,,,,,,,,,,,11855.0,18093.0,,,,,,,,,,,,,,148,168,122,93,130,119,140,114,128,158,101,141,145,133,131,111,151,92,156,161,141,183,98,101,110,137,129,92,135,121,108,106,97,44,113,105,103,82,72,27,35,51,82,64,70,61,66,50,65,77,37,13
python-fire,https://github.com/google/python-fire,57807606,t,f,f,14623,227,76.0,12142.0,66,2017-02-21 21:35:07,2017-02-15 21:22:36,2019-05-24 17:08:53,16,35,google.com,41,20,3,6,1652044.0,f,t,f,google,Alphabet Inc.,,NOASSERTION,"['python', 'cli']",,,,,,1445.0,,,,,,375707.0,,,,,,,,,,,,,,,,,,,,,,,,,,,,,,,,,,,,,,,,,,,,,,,,,,,,,,,,,,,,,,,,,,,,,,,,,,,,,,,,,,,,,,,0,2,0,0,0,0,0,0,0,0,0,1,0,0,0,0,2,0,0,0,0,0,0,0,0,0,0,2,1,0,0,6,0,0,0,0,0,0,5,0,0,0,0,11,1,0,0,0,0,0,0,0
minikube,https://github.com/kubernetes/minikube,35115715,t,f,f,14546,4779,861.0,80416.0,1957,2016-04-15 22:38:35,2016-04-15 22:38:35,2019-05-31 23:49:13,247,375,google.com,1047,1741,12,36,1652044.0,f,t,f,kubernetes,Alphabet Inc.,,Apache-2.0,"['minikube', 'kubernetes', 'cluster', 'containers', 'go', 'cncf']",,1871.0,1698.0,,13274.0,119714.0,,4885.0,13893.0,,262.0,631.0,62026.0,,,,,,,,,,,156.0,,2343342.0,,,,,,13396.0,,,,,1597.0,,,,,,,,,,,,,,,2749.0,,,,,,,,,,,,,,,,,,,,,,,,,,,,,,,,,8081.0,,,,,,,,,,,,,,190,149,231,185,164,74,83,87,75,111,70,71,44,81,43,77,60,104,63,42,84,71,19,78,14,34,31,65,60,50,72,56,41,73,66,30,63,79,54,20,16,40,62,110,99,56,80,130,99,95,48,23
apollo,https://github.com/ApolloAuto/apollo,68768874,t,f,f,14393,11897,8508.0,1604000.0,6731,2017-07-04 19:03:31,2017-07-04 19:04:34,2019-05-31 23:46:29,142,277,baidu.com,582,737,28,79,1329099.0,f,f,t,ApolloAuto,"Baidu, Inc.",,Apache-2.0,"['apollo', 'autonomous-vehicles', 'autonomous-driving', 'autonomy', 'self-driving-car']",,424966.0,,,9768.0,776220.0,791.0,52149.0,,,19362988.0,1178198.0,6626.0,,,,1913.0,,991.0,,,,,25319.0,,,,,,,,7169.0,,,,,,,,3600.0,,,,,,,,33183.0,,,,,229101.0,1922.0,991490.0,,,7000.0,,,,,,,,,,,,,,,,,,,,,,,,,,,,,,,,,,,,,,,,,34,22,8,43,28,29,70,70,61,35,80,113,96,122,110,86,82,72,90,79,70,72,85,85,91,94,44,13,12,23,21,21,31,34,15,10,24,24,27,10,9,12,8,15,35,34,16,5,15,11,14,7
MS-DOS,https://github.com/Microsoft/MS-DOS,111498758,f,t,t,14222,126,215.0,70377.0,364,2018-06-25 18:26:02,1983-08-13 00:53:34,2019-02-27 07:35:37,22,60,microsoft.com,0,0,0,0,789019.0,t,t,f,Microsoft,MICROSOFT CORPORATION,,NOASSERTION,[],,,,,,,,,,,,,,,,,,,,,,,,,,,,,,,,,,,,,,,,,,,,,,,,,,,,,,687121.0,,,,,,,,,,,,,,,,,,,,,,,,,,,,,,,,,,,,,,,,,,,,,0,0,0,0,0,0,0,0,0,0,0,0,0,0,0,0,0,0,0,0,0,0,0,0,0,0,0,0,0,0,0,0,0,0,0,0,0,0,0,0,0,0,0,0,0,0,0,0,0,0,0,0
trix,https://github.com/basecamp/trix,27586452,f,t,f,14109,927,225.0,23563.0,136,2013-08-01 22:21:30,2015-09-21 14:10:00,2019-05-17 19:07:28,28,28,basecamp.com,3,4,1,1,,,,,basecamp,,,MIT,"['rich-text-editor', 'wysiwyg-editor', 'wysiwyg', 'javascript', 'coffeescript', 'custom-elements']",,3249.0,,,3057.0,2506.0,,11594.0,,,,,,,7808.0,,,,,,,,,,,,,,439944.0,,,,,,,,,,,,,,,,,,,,,,,,,,,,,,,,,,,,,,,,,,,,,,,,,,,,,,,,,,,,,,,,,,,,,,0,0,0,1,0,1,0,0,0,1,0,0,0,0,0,0,0,0,1,2,3,0,1,0,1,2,7,0,1,0,0,0,4,0,4,0,2,0,1,0,0,0,0,1,0,0,0,0,0,0,1,0
webpack-dashboard,https://github.com/FormidableLabs/webpack-dashboard,43508115,f,t,t,13879,311,63.0,7859.0,86,2016-08-14 17:44:33,2016-08-14 18:44:52,2019-05-15 21:35:13,19,43,formidable.com,131,144,5,9,,,,,FormidableLabs,,,MIT,"['webpack', 'dashboard', 'devtools', 'dx', 'cli', 'webpack-dashboard', 'cli-dashboard', 'socket-communication']",,53105.0,,,,,,,,,,,,,,,,,,,,,,,,,,,,,,,,,,,,,,,,,,,,,,,,,,,,,,,,,,,,,,,,,,,,,,,,,,,,,,,,,,,,,,,,,,,,,,,,,0,0,0,0,0,0,0,0,0,0,0,0,0,0,0,0,1,0,1,0,0,0,3,1,0,0,0,0,0,0,0,0,0,0,0,0,0,0,1,0,0,0,0,6,3,0,0,0,0,0,0,0
code-server,https://github.com/codercom/code-server,127973363,f,t,f,13850,692,,,146,2019-02-27 16:50:41,2019-01-08 00:46:19,2019-04-27 00:50:31,23,51,coder.com,174,177,2,10,,,,,codercom,,,MIT,"['vscode', 'vscode-remote', 'ide', 'remote-work', 'development-environment', 'dev-tools', 'browser-ide']",32765193.0,1205901.0,513848.0,277637.0,183230.0,79555.0,9022.0,6732.0,6519.0,3928.0,3251.0,2405.0,2308.0,1922.0,1703.0,1387.0,1387.0,1206.0,1064.0,1029.0,998.0,,893.0,818.0,654.0,652.0,634.0,599.0,590.0,532.0,488.0,4881.0,362.0,351.0,330.0,284.0,252.0,184.0,16.0,,,,,,,,,,1885.0,,,,,,,,,,,,,,,,,,,,,,,,,,,,,,,,,,,,,,,,,,,,,,,,,,25,20,4,5,4,18,13,36,51,20,21,4,2,8,1,3,3,18,12,16,2,3,26,19,12,10,0,5,37,25,7,28,52,29,36,16,27,27,53,2,0,8,18,22,18,31,70,10,53,26,28,18
realm-cocoa,https://github.com/realm/realm-cocoa,10842035,f,f,t,13824,19822,,,1796,2012-04-16 20:06:56,2012-04-16 18:28:59,2019-05-31 23:16:32,127,143,realm.io,6273,5812,4,31,,,,,Realm,,,NOASSERTION,"['ios', 'database', 'swift', 'objective-c', 'sync', 'mobile-database', 'threadsafe', 'realtime', 'mobile']",,,,,,55326.0,,,,,73696.0,17902.0,,,28548.0,,2699427.0,,,,,,,81.0,,,,,,,,,,,,1292585.0,,,,,,227.0,,,,,,,,,,,,,,,,,,,,,,,,,,,,,,,,,,,,,,,,,,,,,,,,,,,,,,,,,15,9,4,5,7,2,5,8,17,11,15,13,3,24,10,6,11,10,6,0,1,9,6,8,9,24,9,15,7,20,5,6,6,14,13,0,11,11,9,0,0,2,3,6,8,7,10,7,2,5,4,1
algo,https://github.com/trailofbits/algo,42310035,f,t,t,13639,1737,188.0,11287.0,421,2016-05-15 03:42:48,2016-05-15 03:42:49,2019-05-30 19:43:12,47,143,trailofbits.com,261,264,1,73,,,,,trailofbits,,,AGPL-3.0,"['vpn-server', 'strongswan', 'ansible', 'vpn', 'ikev2', 'security', 'encryption', 'ipsec', 'vpn-client', 'ssh-tunnel', 'wireguard']",,,,,62164.0,17755.0,,,,,,68021.0,777.0,,,,,,,,,,,,,,,,,,,1278.0,,,,,,,,,,,,,,,,,,,,,,,,,,,,,,,,,,,,,,,,,,,,,,,,,,,,,,,,,,,,,,,,,,,0,0,0,1,3,1,3,2,0,1,0,0,0,0,0,0,0,5,0,14,0,0,2,1,0,0,0,1,0,0,0,6,0,0,0,0,0,4,0,0,0,3,0,0,0,0,1,0,0,0,0,0
magenta,https://github.com/tensorflow/magenta,36454617,t,f,f,13620,1604,583.0,262319.0,951,2016-05-05 20:10:40,2016-05-05 20:35:59,2019-05-31 19:48:52,50,118,google.com,568,892,5,76,1652044.0,f,t,f,tensorflow,Alphabet Inc.,,Apache-2.0,[],,,,,,22832.0,,,,,,2693231.0,,,,,,,,,,,,,,,,,,,,,,,,,,,,,,,,,,,,,,,,,,,,,,,,,,,,,,,,,,,,,,,,,,,,,,,,,,,,,,,,,,,,,,,6,12,6,7,1,7,3,0,0,6,10,8,8,2,0,1,2,4,0,5,1,2,0,5,1,1,2,0,0,1,0,0,0,3,0,0,2,0,0,0,2,0,0,1,1,0,1,1,0,0,2,0
plaid,https://github.com/nickbutcher/plaid,28178404,t,f,f,13478,2913,,,396,2015-10-30 16:10:56,2015-07-10 14:44:41,2019-04-26 23:16:35,48,57,google.com,2538,2378,7,22,1652044.0,f,t,f,nickbutcher,Alphabet Inc.,@Google,Apache-2.0,[],,,,,190801.0,3552.0,,,,,,,,,,,,,,,,,,,,,,381362.0,,,,,,,,,,,,,,,,,,,699643.0,,,,,,,,,,,,,,,,,,,,,,,,,,,,,,,,,,,,,,,,,,,,,,,,,,,,0,1,0,0,0,0,0,0,0,0,0,0,0,0,0,0,0,0,0,0,0,0,0,0,0,0,0,1,0,0,0,0,0,0,0,0,0,0,0,0,0,0,0,0,0,0,0,0,0,0,0,0
etcher,https://github.com/resin-io/etcher,31315444,f,f,t,13402,6738,,,1337,2015-10-27 16:53:23,2016-01-12 18:26:16,2018-10-29 22:29:23,32,47,resin.io,460,464,7,9,,,,,resin-io,,,Apache-2.0,"['etcher', 'sd-cards', 'cross-platform', 'usb-drives']",369605.0,2823.0,1508.0,,246.0,1590.0,,,,,,,3290.0,,,,,,,,,,,,,,,,,,,,,,,,,,,,,,,,,,,,,,,,,,,,,,,,,,,,,,,,,,,,,,,,,,,,,,,,,,,,,,,,,,,,,,1,4,2,2,4,9,11,32,10,23,21,14,13,12,10,3,10,3,6,8,0,19,20,8,4,5,0,2,0,1,0,0,3,5,8,10,4,9,5,6,1,1,2,5,0,5,0,0,0,0,0,0
loopback,https://github.com/strongloop/loopback,5424298,t,f,f,13271,4712,251.0,40176.0,961,2013-04-09 16:02:18,2013-09-18 05:45:51,2019-05-31 07:04:12,138,170,ca.ibm.com,274,311,7,11,,,,,strongloop,,,NOASSERTION,[],,1006863.0,,,,,,,,,,,,,,,,,,,,,,,,,,,,,,,,,,,,,,,,,,,,,,,,,,,,,,,,,,,,,,,,,,,,,,,,,,,,,,,,,,,,194.0,,,,,,,,,,,,,0,0,0,0,0,0,0,0,0,0,0,0,0,0,0,0,0,0,1,0,0,0,0,0,0,0,0,0,0,0,0,0,1,0,0,2,0,0,0,0,1,0,0,0,0,0,0,0,0,0,0,0
incubator-weex,https://github.com/apache/incubator-weex,54190001,t,f,f,13076,6170,3521.0,737073.0,2001,2017-01-06 08:00:06,2016-03-11 10:18:12,2019-05-31 06:43:04,153,201,alibaba-inc.com,654,812,33,43,,,,,apache,,,Apache-2.0,['weex'],,4098391.0,,,2550.0,37647.0,,,,,10738676.0,53147.0,27.0,,10703.0,698298.0,1517993.0,,,,,,,2221970.0,,,,2351964.0,,,,,,,,,,,,94330.0,,,,,,,,,,,111308.0,,,,,,,,,,,,,,,,,,,,,,,,1100.0,,,,,,,,,,,,,,,,,,,,,,,,2,1,0,0,0,0,0,0,0,0,0,2,2,0,0,1,0,0,0,0,1,2,0,0,2,2,4,2,0,0,2,1,0,0,0,0,0,0,0,0,0,0,0,0,0,0,0,0,0,0,0,0
folly,https://github.com/facebook/folly,3174,t,f,f,12977,7250,1890.0,477905.0,552,2012-06-01 20:49:04,2012-05-02 23:42:35,2019-05-31 18:43:46,98,785,fb.com,2274,3626,30,355,,,,,facebook,,,Apache-2.0,[],,,784.0,,,21970.0,987.0,,,,14065721.0,453739.0,804.0,,2880.0,,,,,,,,,61969.0,,,,,,,,,,,,,,,,197091.0,,,,,,,,,,,,,,4345.0,,,,,,,,,,,,,,,,,,,,,,,,,,,,,,,,,2493.0,,,,,,,,,,,,27,23,23,8,17,22,42,16,30,19,16,21,26,24,19,28,30,23,33,35,20,26,17,43,35,29,29,23,20,22,27,25,19,19,22,1,15,29,27,19,7,29,17,15,25,27,25,24,38,35,34,9
vault,https://github.com/hashicorp/vault,19388130,f,t,t,12937,22411,9111.0,2486832.0,3757,2015-02-25 00:15:59,2015-03-04 07:31:35,2019-05-31 19:33:13,413,756,hashicorp.com,1662,2065,11,88,,,,,hashicorp,,,MPL-2.0,"['vault', 'go', 'secrets']",,1597512.0,3851.0,,1920.0,39672.0,5475.0,99983.0,,,,216.0,13686.0,,,,,,602758.0,,,,,,,9212880.0,,,,,,3689.0,,,,,,,,,,,,,,,,,,,,,,,,,,,,,,,,,,,,,,,,16388.0,,,,,,,,,,,,,,,,,,,,,,,,,,,20,28,23,22,27,48,30,33,49,17,23,32,39,29,48,31,34,50,32,17,20,33,23,23,19,35,46,21,34,30,31,43,21,21,10,14,18,18,28,3,0,20,13,20,33,14,29,15,44,18,19,6
deeplearning4j,https://github.com/deeplearning4j/deeplearning4j,16286325,f,f,t,12499,34706,,,3302,2013-11-27 02:03:28,2014-04-07 00:16:12,2019-05-31 18:36:08,188,273,skymind.io,6399,8022,11,100,,,,,deeplearning4j,,,Apache-2.0,[],80252.0,436278.0,10363.0,,41534.0,82310.0,2469.0,,,,17508897.0,325022.0,,,4558.0,,,,,,,,,145438.0,,,,37574497.0,,,138320.0,1329.0,,,,,,,,70010.0,,,,,,,,898.0,,,,,2442903.0,,931.0,12256.0,,,,,355295.0,,,,,,,,,,,,,,,,,,,,,77045.0,,,,,,,,,,,,,,,,,14,12,9,12,31,19,17,21,0,0,5,0,0,0,0,0,0,0,0,0,0,0,0,0,0,0,0,0,0,0,0,0,0,0,0,0,0,0,0,0,0,0,0,0,0,0,0,0,0,0,0,0
dotnet,https://github.com/Microsoft/dotnet,13395383,t,t,t,12149,1384,347.0,22110.0,628,2014-10-23 21:58:29,2014-11-10 14:17:17,2019-05-30 00:08:55,211,294,microsoft.com,738,971,38,132,789019.0,t,t,f,Microsoft,MICROSOFT CORPORATION,,MIT,[],,,,,123397.0,,,,1347.0,,,,,,,,,,,,,,,,,,,,,,4199.0,,,,,,,,,,,,,,,,,,,,,,,,,,,,,,,,,,,,,,,,,,,,,,,,,,,,,,,,,,,,,,,,,,,,0,0,1,0,0,0,0,0,0,0,0,0,0,0,0,0,2,0,0,0,0,0,0,0,0,0,0,0,0,0,0,0,0,0,2,0,0,0,1,0,0,0,3,0,0,0,1,0,0,0,0,0
SwiftLint,https://github.com/realm/SwiftLint,20152304,f,f,t,12039,6278,,,1306,2015-05-16 16:59:31,2015-05-16 14:58:10,2019-05-27 21:27:42,224,251,realm.io,0,0,0,0,,,,,Realm,,,MIT,[],,,,,2789.0,701.0,,,,,,,6415.0,,16647.0,,,,,,,,,,,,,,,,,1172.0,,,,2087539.0,,,,,,,,,,,,,,,,,,,,,,,,,,,,,,,,,,,,,,,,,,,,,,,,,,,,,,,,,,,,,,,6,4,1,2,1,4,3,0,0,3,1,2,1,0,2,1,1,0,0,31,7,4,3,3,4,4,14,0,0,1,1,4,21,39,16,4,9,19,6,5,0,0,3,3,2,4,4,3,26,12,1,2
core,https://github.com/dotnet/core,13654790,t,f,f,11439,2378,1212.0,184588.0,812,2014-11-18 00:44:57,2014-11-18 00:09:08,2019-05-27 23:54:58,73,200,microsoft.com,1008,1941,31,92,789019.0,t,t,f,dotnet,MICROSOFT CORPORATION,,MIT,"['dotnet', 'dotnet-core']",,,,,,5074.0,,,,,,,,,,,,,,,,,,,,,,,,,,,,,,,,,,,,,,,,,,,,,,,,,,,,,,,,,,,,,,,,,,,,,,,,,,,,,,,,,,,,,,,,,,,,,15,6,4,1,8,0,4,17,7,5,3,11,3,12,2,2,9,11,1,4,17,19,6,5,9,20,4,3,3,24,15,3,2,52,4,4,5,11,0,0,0,4,13,1,3,1,5,25,5,7,27,4
android-UniversalMusicPlayer,https://github.com/googlesamples/android-UniversalMusicPlayer,17380601,t,f,f,11383,302,,,59,2015-03-10 00:04:35,2014-11-20 11:08:20,2019-05-20 19:07:42,26,30,google.com,171,132,10,15,1652044.0,f,t,f,googlesamples,Alphabet Inc.,,Apache-2.0,[],,,,,,1529.0,,,,,,,,,,,,,,,,,,,,,,2338.0,,,,,,,,,,,,,,,,,,,198579.0,,,,,,,,,,,,,,,,,,,,,,,,,,,,,,,,,,,,,,,,,,,,,,,,,,,,0,0,0,1,0,0,0,2,13,0,6,2,9,5,2,0,0,6,0,0,4,7,4,3,1,0,0,1,1,0,0,0,0,0,0,0,0,5,1,1,0,0,0,0,0,0,3,0,0,0,0,0
tfjs,https://github.com/tensorflow/tfjs,93204642,t,f,f,11367,465,1494.0,395143.0,164,2018-03-05 05:41:02,2018-03-27 18:30:11,2019-05-31 15:05:36,10,38,google.com,145,210,4,20,1652044.0,f,t,f,tensorflow,Alphabet Inc.,,Apache-2.0,"['deep-learning', 'typescript', 'webgl', 'javascript', 'machine-learning', 'neural-network', 'deep-neural-network', 'gpu-acceleration', 'wasm', 'web-assembly']",9571970.0,1079048.0,27051.0,,110593.0,75341.0,2165.0,,,,421463.0,469761.0,,,1977.0,,5247.0,,,,,,,1149.0,,,,4081.0,,,,1790.0,,,,,,,,,,,,,,,,,,,,,,,44983.0,,,,,,,,,,,,,,,,,,,,,,,,,,,,,,,,,,,,,,,,,,,,19,22,11,13,16,14,19,21,9,19,24,20,14,28,16,16,15,13,24,22,22,22,11,7,9,13,11,14,21,16,15,14,18,16,28,14,21,27,8,1,11,12,13,11,11,13,9,16,22,13,11,4
graphql,https://github.com/facebook/graphql,22015790,t,f,f,11162,944,,,214,2015-07-01 01:26:56,2015-07-06 14:48:02,2019-02-28 16:49:58,52,78,fb.com,343,345,5,6,,,,,facebook,,,,[],,,,,,3120.0,,,,,,,,,,,,,,,,,,,,,,,,,,,,,,,,,,,,,,,,,,,,,,,,,,,,,,,,,,,,,,,,,,,,,,,,,,,,,,,,,,,,,,,,,,,,,0,1,0,0,1,1,1,0,0,5,3,5,0,2,1,0,1,0,0,1,0,5,0,5,0,0,0,1,0,0,0,0,1,0,2,0,0,0,0,0,0,2,3,1,0,2,0,0,0,1,0,0
realm-java,https://github.com/realm/realm-java,12143760,f,f,t,11095,16439,,,2242,2012-04-20 09:18:42,2012-04-20 07:18:42,2019-05-30 07:50:22,95,114,realm.io,51,777,6,7,,,,,Realm,,,NOASSERTION,"['java', 'android', 'database', 'mobile', 'realtime-database', 'mobile-database', 'nosql-database']",,8846.0,,,2368.0,26330.0,,,,19662.0,613769.0,4275.0,,,,,,,,,,,,,,,,5156813.0,,,,4716.0,,,,,,,,12206.0,,,,,,,1157295.0,,,,,,,,,,,,,,,,,,,,,,,,,,,,,,,,,,,,,,,,,,,,,,,,,,,,1,6,0,2,4,3,6,20,6,19,22,13,7,5,16,0,1,1,1,2,10,12,10,8,11,22,9,14,2,12,2,0,10,2,3,7,5,6,1,0,0,8,2,1,5,3,1,2,1,0,2,0
react-native-navigation,https://github.com/wix/react-native-navigation,33456486,t,f,f,10757,7149,1040.0,66900.0,1508,2016-03-11 11:22:54,2016-03-13 16:43:33,2019-05-31 08:05:52,106,349,wix.com,1265,1584,8,70,1576789.0,f,f,t,wix,Wix.com Ltd.,,MIT,"['react-native', 'navigation', 'navigator', 'react-native-navigation', 'hacktoberfest']",493955.0,125349.0,2070.0,,,739.0,,,,,,,,,1896.0,5880.0,1130291.0,,,,,,,,,,,787480.0,,,,,,,,,,,,,,,,,,,346253.0,,,,,,,,,,,,,,,,,,,,,,,,,,,,,,,,,,,,,,,,,,,,,,,,,,,,6,9,9,4,17,12,8,4,9,13,5,16,10,12,9,17,11,9,7,9,3,13,10,7,26,14,2,20,2,7,29,11,11,4,7,9,8,9,9,5,16,8,8,6,5,5,5,12,5,8,6,5
akka,https://github.com/akka/akka,10045,f,t,t,10719,35957,3409.0,764838.0,8123,2009-02-16 12:51:54,2009-02-16 12:53:10,2019-05-31 16:59:01,711,878,lightbend.com,74,136,7,7,,,,,akka,,,NOASSERTION,"['reactive', 'distributed-systems', 'concurrency', 'high-performance', 'akka', 'actor-model', 'distributed-actors', 'cloud-native', 'streaming', 'hacktoberfest']",,6643.0,,,166.0,33937.0,,,,,,,913.0,304.0,,,,,,,,,,,,,,11364278.0,,,,,,,,,,,,,,,,,,,,,,,,,,,,,,,,,16561917.0,,,,,,,,,,,,,,,,,,,,,,,,,,,,,,,,,,,,,,27,35,22,8,6,30,33,11,16,26,27,36,16,15,17,28,19,15,14,14,21,10,13,9,16,15,24,11,17,13,10,8,5,10,14,4,11,13,10,5,0,8,12,6,9,5,9,10,8,4,4,7
react-helmet,https://github.com/nfl/react-helmet,21420256,f,t,t,10708,487,23.0,23967.0,182,2015-06-18 00:07:34,2015-06-25 18:59:38,2019-05-02 16:00:14,39,64,nfl.com,199,202,4,17,,,,,nfl,,,MIT,"['react', 'helmet', 'side-effect']",,304362.0,,,,,,,,,,,,,,,,,,,,,,,,,,,,,,,,,,,,,,,,,,,,,,,,,,,,,,,,,,,,,,,,,,,,,,,,,,,,,,,,,,,,,,,,,,,,,,,,,0,0,1,0,0,1,11,0,0,11,0,5,0,0,1,0,0,0,0,0,0,0,0,0,0,0,0,0,0,0,0,0,0,0,0,0,0,0,0,0,0,0,0,0,0,0,0,0,0,0,0,0
blur-admin,https://github.com/akveo/blur-admin,34631704,f,t,f,10690,483,475.0,48650.0,60,2016-04-08 08:30:20,2015-09-09 08:38:46,2019-01-19 18:58:14,13,15,akveo.com,217,210,2,6,,,,,akveo,,,NOASSERTION,"['admin', 'admin-dashboard', 'admin-ui', 'admin-theme', 'admin-template', 'angularjs']",,259761.0,130609.0,,197076.0,,,,,,,,,,,,,,,,,,,,,,,,,,,,,,,,,,,,,,,,,,,,,,,,,,,,,,,,,,,,,,,,,,,,,,,,,,,,,,,,,,,,,,,,,,,,,,0,0,0,0,0,0,0,0,0,0,0,0,0,0,0,0,0,0,0,0,0,0,0,0,0,0,0,0,0,0,0,0,0,0,0,0,0,0,0,0,0,0,0,0,0,0,0,0,0,0,0,0
api-guidelines,https://github.com/Microsoft/api-guidelines,41569804,f,t,t,10682,104,3.0,2519.0,75,2016-07-12 20:01:24,2016-07-19 17:02:18,2019-04-12 03:56:35,20,42,microsoft.com,36,34,4,28,789019.0,t,t,f,Microsoft,MICROSOFT CORPORATION,,,"['api', 'guidelines', 'rest-api', 'styleguide']",,,,,,,,,,,,,,,,,,,,,,,,,,,,,,,,,,,,,,,,,,,,,,,,,,,,,,,,,,,,,,,,,,,,,,,,,,,,,,,,,,,,,,,,,,,,,,,,,,,0,10,7,4,2,3,6,0,1,1,1,0,0,0,0,2,0,0,0,2,0,0,0,0,0,0,0,0,0,0,0,0,0,0,0,0,0,0,0,0,0,0,0,0,0,2,0,0,0,0,0,0
zulip,https://github.com/zulip/zulip,26047131,t,f,f,10486,45105,4139.0,668070.0,7854,2015-09-25 16:37:25,2012-08-28 14:41:50,2019-05-31 22:24:56,513,701,zulipchat.com,26450,17718,9,570,,,,,zulip,,,Apache-2.0,"['zulip', 'python', 'python3', 'chat', 'javascript', 'collaboration', 'slack', 'foss', 'free', 'apache', 'react-native', 'electron']",154089.0,3299648.0,435859.0,,655681.0,136486.0,,,,,,8168636.0,,8594.0,8480.0,,,,238119.0,,,,,,,,,,,,,2941.0,,,,,,,,,,157.0,,,,,,,,,,,,,,,,,,,,,,,,,,,,,,,,,,,,,,,,,,,,,,81264.0,,,,,,,,,,,200,105,136,158,198,134,146,216,170,157,130,229,234,292,201,169,170,231,158,124,116,93,87,122,40,64,91,70,68,88,114,101,60,43,22,13,39,21,25,28,13,15,19,49,57,52,127,89,244,96,113,71
twemoji,https://github.com/twitter/twemoji,13335031,t,t,t,10460,306,9347.0,1536182.0,92,2014-11-06 21:49:34,2014-11-06 21:32:19,2019-05-30 00:14:01,38,47,twitter.com,108,103,4,9,1418091.0,f,t,f,twitter,"TWITTER, INC.",,NOASSERTION,"['emoji', 'twemoji']",,84292.0,,,242656.0,893.0,,,,,,,,,,,,,,,,,,,,,,,,,,,,,,,,,,,,,,,,,,,,,,,,,,,,,,,,,,,,,,,,,,,,,,,,,,,,,,,,,,,,,,,,,,,,,0,0,0,0,0,3,4,0,1,0,0,0,0,0,0,0,4,0,0,0,0,0,0,1,0,0,0,0,0,3,0,0,0,1,0,0,0,0,1,0,0,0,0,0,0,0,1,0,0,1,5,0
rancher,https://github.com/rancher/rancher,22041839,t,f,f,10410,5215,,,2559,2014-11-07 20:49:31,2015-03-18 18:35:17,2019-05-31 16:55:55,67,88,rancher.com,3895,3323,18,61,,,,,Rancher,,,Apache-2.0,"['rancher', 'docker', 'kubernetes', 'orchestration', 'cattle', 'containers']",,609.0,,,30306.0,77755.0,728.0,,40902.0,99573.0,,1699413.0,486.0,,,,,,,,,,,,,8095734.0,,,,,,14177.0,,,,,,,,,,,,,,,,,1047.0,,,,,,,,,,,,,,,,,,,,,,,30338.0,,,,,,,,,,,,,,,,,,,,,,,,,,,37,29,22,22,11,12,5,23,28,20,16,26,23,19,14,13,12,41,28,52,30,36,30,23,53,43,49,49,14,25,37,19,19,9,21,7,18,14,12,11,3,12,15,8,12,17,30,16,13,11,10,3
infer,https://github.com/facebook/infer,21164391,t,f,f,10325,6419,3219.0,311396.0,169,2015-01-26 11:19:13,2015-06-09 13:20:36,2019-05-31 21:19:27,78,156,fb.com,2111,4691,28,42,,,,,facebook,,,MIT,"['static-analysis', 'static-code-analysis', 'code-quality', 'java', 'c', 'cpp', 'objective-c']",,,,,,47065.0,,,,,697830.0,3195.0,248429.0,17058.0,,35463.0,271423.0,,,,,,,279309.0,,,,1100659.0,,,,5616.0,,,,,,,,221.0,,,,,,,,,,,,,,458.0,3337.0,,,,,391955.0,,,,,,,,,,6797146.0,,,,,,,,,,,,,,,,,,,3042390.0,32735.0,25220.0,9897.0,,,,,,,48,32,23,96,36,57,59,46,21,20,17,75,57,12,24,42,15,10,25,19,60,24,33,42,27,44,14,15,25,11,86,63,40,63,33,2,71,29,18,0,0,10,42,8,24,47,34,21,50,24,30,7
ignite,https://github.com/infinitered/ignite,34413095,f,f,t,10237,2306,118.0,13611.0,522,2016-02-10 16:06:07,2016-04-03 22:12:58,2019-05-29 02:50:59,52,100,infinite.red,638,729,7,24,,,,,infinitered,,,MIT,"['cli', 'react-native', 'react-native-generator', 'boilerplate', 'generator', 'expo', 'mst']",155183.0,4255.0,,,,4548.0,,,,,,,,,866.0,,5226.0,,,,,,,,,,,6937.0,,,,,,,,,,,,,,,,,,,,,,,,,,,1916.0,,,,,,,,,,,,,,,,,,,,,,,,,,,,,,,3843.0,,,,,,,,,,,,,0,0,0,0,0,0,1,0,2,0,0,0,0,0,0,0,0,1,0,0,2,0,0,0,0,0,0,0,0,0,1,0,1,0,0,0,0,0,0,2,6,4,5,0,0,0,3,0,0,2,4,2
plotly.js,https://github.com/plotly/plotly.js,28904919,t,f,f,10232,13969,3540.0,2860412.0,1562,2015-11-05 23:27:17,2015-07-24 10:56:40,2019-05-31 23:00:40,105,123,plot.ly,9045,9982,7,18,,,,,plotly,,,MIT,"['data-visualization', 'd3', 'webgl', 'plotly', 'charting-library', 'charts', 'visualization', 'plotly-dash', 'regl', 'hacktoberfest']",,9154878.0,1184.0,,1633.0,5601.0,,7276.0,,,,,,,,,,,,,,,,,,,,,,,,,,,,,,,,,,,,,,,,,,,,,,,,,,3528.0,,,,,,,,,,,,,,,,,,,,,,,,,,,,,,,,,,,,,,,,,71,22,10,22,49,48,17,12,18,11,26,16,10,20,11,25,6,23,15,12,57,59,9,63,13,31,42,46,19,24,39,19,38,19,46,45,29,47,28,24,0,37,24,38,13,29,34,21,15,41,5,2
influxdb,https://github.com/influxdata/influxdb,30508301,f,t,f,10102,19797,3142.0,590667.0,3850,2013-09-26 14:31:10,2014-08-04 17:00:43,2019-05-31 20:45:40,249,275,influxdb.com,630,618,4,12,,,,,influxdata,,,MIT,"['influxdb', 'monitoring', 'database', 'time-series', 'metrics', 'go', 'react']",3732888.0,4331.0,,,804.0,38372.0,,216574.0,,,,42767.0,11555.0,,,,,,,,,,,,,13911008.0,,,,,,1853.0,,,,,,,,,,,,,,,,,,,,,,,,,,,,,,,,,,,,,,,,,,,,,,,,,,,,,,,,,,,,,,,,,,,78,67,62,52,64,49,57,50,36,48,58,76,105,70,61,44,34,48,61,53,41,32,56,30,19,9,27,23,10,15,17,48,31,47,32,19,11,8,17,11,0,9,10,9,11,16,12,6,5,9,8,8
Eureka,https://github.com/xmartlabs/Eureka,26260360,f,t,t,10051,1021,232.0,22780.0,436,2015-09-28 22:20:53,2015-09-28 20:20:53,2019-05-30 13:09:55,106,152,xmartlabs.com,616,685,4,58,,,,,xmartlabs,,,MIT,"['ios', 'forms', 'ios-ui', 'swift', 'ios-forms', 'swift-library', 'carthage', 'cocoapods', 'uitableview', 'validations', 'hacktoberfest']",,,,,,,,,,,,,,,602.0,,1550.0,,,,,,,,,,,,,,,,,,,618578.0,,,,,,,,,,,,,,,,,,,,,,,,,,,,,,,,,,,,,,,,,,,,,,,,,,,,,,,,,,,,,,,3,0,0,0,0,1,0,0,0,0,0,1,1,0,0,0,0,1,1,0,0,0,0,1,0,5,2,1,2,2,1,0,2,1,0,0,0,0,0,2,0,1,0,0,0,0,1,2,0,0,1,0
bazel,https://github.com/bazelbuild/bazel,23599187,t,f,f,9786,21461,11493.0,2975576.0,2103,2014-06-12 16:00:38,2015-02-25 15:45:20,2019-05-31 21:46:33,200,519,google.com,16244,16287,42,429,1652044.0,f,t,f,bazelbuild,Alphabet Inc.,,Apache-2.0,"['bazel', 'build', 'test', 'fast', 'correct', 'scalable', 'multi-language', 'build-system']",,,,,23989.0,2407412.0,2997.0,,15431.0,,1588515.0,3338216.0,248.0,,188.0,1043.0,10818.0,,,,,,,26190.0,,,,39792436.0,,,,1197.0,,,,,,,,,,,,,,,,27097.0,,,,,,,37888.0,,,,,,,,,,,,,,,,,,,,,,,,,,,,,,,,,,,,,,,,,,,,80,106,105,107,113,104,91,156,91,110,73,62,53,53,51,58,80,56,76,72,52,51,78,69,79,86,86,74,62,76,106,76,62,89,81,56,76,94,58,21,8,44,93,74,74,72,53,51,80,78,60,39
falcor,https://github.com/Netflix/falcor,24139115,f,t,t,9786,1240,377.0,138671.0,273,2015-02-13 00:17:50,2015-07-22 13:52:36,2019-05-06 23:50:29,69,72,netflix.com,213,214,4,5,1065280.0,f,t,f,Netflix,NETFLIX INC,,Apache-2.0,[],,2981616.0,,,,1858.0,,,,,,,,,,,,,,,,,,,,,,,,,,,,,,,,,,,,,,,,,,,,,,,,,,,,,,,,,,,,,,,,,,,,,,,,,,,,,,,,,,,,,,,,,,,,,0,1,0,0,0,0,0,0,0,0,0,0,0,0,0,0,1,0,9,7,0,0,0,0,0,0,0,0,0,0,0,16,0,0,0,0,0,1,0,0,0,0,0,1,0,0,0,0,0,0,1,0
Matisse,https://github.com/zhihu/Matisse,62626319,f,t,f,9743,229,169.0,9129.0,135,2017-04-13 01:31:05,2017-04-18 06:45:03,2019-04-10 13:34:47,29,42,zhihu.com,2,2,1,1,,,,,zhihu,,,Apache-2.0,"['android', 'android-library', 'android-image-picker', 'android-image-selector', 'video-selector']",,,,,,,,,,,,,,,,,,,,,,,,,,,,207303.0,,,,,,,,,,,,,,,,,,,,,,,,,,,,,,,,,,,,,,,,,,,,,,,,,,,,,,,,,,,,,,,,,,,,,,,0,0,0,0,0,0,0,0,0,0,0,0,0,0,0,0,0,0,0,0,0,0,0,0,0,0,0,0,0,0,0,0,0,0,0,0,0,0,0,0,0,0,0,0,0,0,0,0,0,0,0,0
vlayout,https://github.com/alibaba/vlayout,58267931,t,f,f,9725,384,100.0,22205.0,19,2017-02-27 08:11:47,2015-10-24 13:55:27,2019-05-22 03:38:42,20,23,alibaba-inc.com,32,32,4,4,,,,,alibaba,,,MIT,"['android', 'recyclerview-multi-type', 'layoutmanager', 'layout-manager', 'layout', 'tangram']",,,,,,,,,,,,,,,,,,,,,,,,,,,,669506.0,,,,,,,,,,,,,,,,,,,,,,,,,,,,,,,,,,,,,,,,,,,,,,,,,,,,,,,,,,,,,,,,,,,,,,,0,0,0,0,0,0,0,1,0,0,0,0,0,0,0,0,0,0,0,0,0,0,0,0,0,0,0,0,0,0,0,0,0,0,0,0,0,0,0,0,0,0,0,0,0,0,0,0,0,0,0,0
gradle,https://github.com/gradle/gradle,2281,t,f,f,9720,95090,19752.0,1779297.0,4942,2009-09-09 18:27:19,2008-03-10 05:50:30,2019-05-31 19:39:43,442,539,gradle.com,47004,47698,21,137,,,,,gradle,,,Apache-2.0,"['gradle', 'build-tool']",,207508.0,182117.0,,62742.0,8715.0,,,,27705883.0,1782641.0,57.0,,37849.0,16.0,441.0,840.0,,,,,,,121825.0,,,,26570157.0,,,,,,,,2040.0,,,,,,,,,,,3622054.0,,,,,,,277.0,,,,,,,9375.0,,,,,,,,42845.0,,,,,,,,,,,,,,191.0,,,,,,,,,,424.0,54.0,,,,,144,245,273,147,197,238,222,202,219,159,135,159,285,185,315,164,139,109,156,153,181,178,196,279,217,194,221,310,185,155,214,254,123,251,241,175,152,226,174,36,2,150,150,220,122,147,132,195,164,118,134,38
math-as-code,https://github.com/Jam3/math-as-code,21887440,f,t,t,9661,133,8.0,3561.0,30,2015-06-29 21:59:08,2015-06-29 19:59:27,2019-05-30 08:26:49,13,16,jam3.com,0,0,0,0,,,,,Jam3,,,MIT,[],,,,,,,,,,,,,,,,,,,,,,,,,,,,,,,,,,,,,,,,,,,,,,,,,,,,,,,,,,,,,,,,,,,,,,,,,,,,,,,,,,,,,,,,,,,,,,,,,,,0,0,0,0,0,0,0,0,0,0,0,0,0,0,0,0,0,0,0,0,0,0,0,0,0,0,0,0,0,0,0,0,0,0,0,0,0,0,0,0,0,0,0,0,0,0,0,0,0,0,0,0
Theano,https://github.com/Theano/Theano,1799,t,f,f,9637,31342,833.0,332744.0,4025,2011-08-10 03:48:06,2008-01-06 20:49:28,2019-05-03 14:46:16,484,528,iro.umontreal.ca,5568,5648,11,32,,,,,Theano,,,NOASSERTION,[],,,1750.0,,3085.0,32506.0,4248.0,,,,,8262598.0,,,,,,,,,,,,439051.0,,,,,,,,,,,,,,,,,,,,,,,,,,,,,31466.0,,,,,,,,,,,,,,,,,,,,,,,,,,,,,,,,,,,,,,,,,,,,,,0,8,3,0,0,0,0,0,0,0,0,0,0,0,0,0,0,0,2,0,0,0,0,1,0,0,0,0,0,0,0,0,0,0,0,0,0,0,0,0,0,0,0,0,0,0,0,0,0,1,0,0
ngx-admin,https://github.com/akveo/ngx-admin,75224921,t,t,f,9602,632,488.0,43859.0,226,2016-05-25 10:09:03,2016-10-27 14:50:23,2019-05-29 11:59:34,24,45,akveo.com,134,138,4,7,,,,,akveo,,,MIT,"['webpack', 'bootstrap4', 'admin', 'admin-dashboard', 'dashboard', 'framework', 'typescript', 'responsive', 'sass', 'ng2', 'admin-ui', 'angular2', 'ng2-admin', 'ngx-admin', 'theme', 'admin-template', 'material-theme', 'angular9', 'angular-dashboard-template', 'angular10']",397503.0,2062.0,,,131425.0,,,60818.0,,,,,,,,,,,,,,,,,,,,,,,,,,,,,,,,,,,,,,,,,,,,,,,,,,,,,,,,,,,,,,,,,,,,,,,,,,,,,,,,,,,,,,,,,,,0,5,0,1,0,0,0,6,3,1,0,0,2,0,0,0,0,0,0,0,0,3,1,0,1,0,1,0,0,0,1,0,1,0,0,0,0,0,0,0,0,0,0,2,0,0,1,0,0,0,0,0
TypeScript-React-Starter,https://github.com/Microsoft/TypeScript-React-Starter,64447990,f,t,t,9505,43,24.0,7248.0,113,2017-05-09 19:54:45,2017-05-09 20:50:41,2019-02-09 21:10:22,9,22,microsoft.com,5,23,1,1,789019.0,t,t,f,Microsoft,MICROSOFT CORPORATION,,MIT,[],5159.0,,642.0,,1137.0,,,,,,,,,,,,,,,,,,,,,,,,,,,,,,,,,,,,,,,,,,,,,,,,,,,,,,,,,,,,,,,,,,,,,,,,,,,,,,,,,,,,,,,,,,,,,,0,0,0,0,0,0,0,0,0,0,0,0,0,0,0,0,0,0,0,0,0,0,0,0,0,0,0,0,0,0,0,0,0,0,0,0,0,0,0,0,0,0,0,0,0,0,0,0,0,0,0,0
cat,https://github.com/dianping/cat,1711636,t,t,t,9489,7022,3709.0,830836.0,894,2012-12-05 02:31:48,2011-12-23 06:20:42,2019-05-31 04:10:48,85,104,dianping.com,2554,2562,13,14,,,,,dianping,,,Apache-2.0,"['apm', 'java', 'distributed', 'realtime', 'monitoring', 'tracing', 'metrics']",,,,,,1705.0,,,,,43084.0,45967.0,3092.0,,,,,,,460124.0,,,,966156.0,,17985.0,,20262092.0,,,291403.0,1909.0,,,,,,,,34620.0,,,,,,,,,,,,,,,,,,,,,8692.0,,,,,,,,,,,,,,,,,,,,,82593.0,,,,,,,,,,,,,11752.0,,,,0,0,0,0,0,1,0,0,0,1,0,0,0,0,1,0,0,0,0,2,0,1,0,0,0,0,0,0,0,2,0,0,0,0,0,0,1,0,0,0,0,0,0,1,1,0,0,0,0,0,0,0
lib-flexible,https://github.com/amfe/lib-flexible,20857922,t,f,f,9465,53,6.0,162.0,10,2014-09-10 07:59:51,2014-04-23 07:26:41,2018-01-25 02:16:39,10,9,taobao.com,38,38,3,3,,,,,amfe,,,,[],,1139.0,,,,,,,,,,,,,,,,,,,,,,,,,,,,,,,,,,,,,,,,,,,,,,,,,,,,,,,,,,,,,,,,,,,,,,,,,,,,,,,,,,,,,,,,,,,,,,,,,0,0,0,0,0,0,0,0,0,0,0,0,0,0,0,0,0,0,0,0,0,0,0,0,0,0,0,0,0,0,0,0,0,0,0,0,0,0,0,0,0,0,0,0,0,0,0,0,0,0,0,0
browser-laptop,https://github.com/brave/browser-laptop,31152806,f,t,t,9380,21797,1652.0,212908.0,3521,2015-11-25 22:55:10,2016-01-17 17:04:00,2019-04-11 05:09:21,182,234,brave.com,1080,1280,4,8,,,,,brave,,,NOASSERTION,"['brave', 'browser', 'muon', 'electron', 'javascript', 'linux', 'windows', 'macos', 'bat']",,4701333.0,109238.0,,21340.0,9718.0,,,5172.0,,,19705.0,,,3369.0,,,,,,,,,,,,,,,,,,,,,,,,,,,,,,,,,2757.0,,,,,,,,,,,,,,,,,,,,,,,,,,,,,,,,,,,,,76854.0,,,,,,,,,,,,,,0,0,0,0,0,0,0,0,0,0,0,0,0,0,0,0,0,0,0,0,0,0,0,0,0,0,0,0,0,0,0,0,0,0,0,0,0,0,0,0,0,0,0,0,0,0,0,0,0,0,0,0
cadvisor,https://github.com/google/cadvisor,10170583,t,f,f,9362,3400,2129.0,803196.0,1281,2014-06-09 16:36:33,2014-06-09 16:47:55,2019-05-24 20:12:27,224,238,google.com,1230,1533,21,46,1652044.0,f,t,f,google,Alphabet Inc.,,NOASSERTION,[],,34605.0,,,9554.0,22599.0,,,,,,5348.0,2852.0,,,,,,,,,,,,,1237240.0,,,,,,2449.0,,,,,,,,,,,,,,,,,,,,,,,,,,,,,,,,,,,,,,,,,,,,,,,,,,,,,,,,,,,,,,,,,,,7,8,21,18,17,7,6,4,11,5,12,9,4,11,4,2,2,1,8,2,1,2,0,2,2,2,2,6,2,2,0,4,3,12,1,0,3,5,1,1,6,7,0,1,1,3,3,1,4,7,2,0
libphonenumber,https://github.com/googlei18n/libphonenumber,13601600,t,f,f,9300,2243,,,873,2014-12-03 18:02:17,2013-09-19 10:07:02,2019-05-16 07:26:32,87,116,google.com,640,1037,10,33,1652044.0,f,t,f,googlei18n,Alphabet Inc.,,NOASSERTION,[],,1149016.0,2572.0,,7719.0,2984.0,,,,,3818028.0,,,,,,,,,,,,,15254.0,,,,1885683.0,,,,,,,,,,,,26666.0,,,,,,,,,,,,,,,,,,,,,,,,,,,,,,,,,,,,,,,,,,,,,,,,,,,,,,,,,,,0,3,0,0,4,0,3,1,3,1,4,1,8,0,1,6,1,5,0,0,3,0,0,3,0,0,3,1,3,1,2,4,1,2,1,0,3,0,3,0,1,2,3,1,3,0,3,0,5,5,0,2
postal,https://github.com/atech/postal,62941459,f,t,f,9238,205,,,52,2017-04-19 12:04:57,2017-04-21 19:55:05,2019-04-08 14:05:55,6,19,atechmedia.com,36,22,1,12,,,,,atech,,,MIT,"['ruby', 'mail', 'smtp', 'postal', 'mail-server']",,101.0,,,9050.0,10392.0,,60974.0,,,,,,,410477.0,,,,,,,,,,,,,,8123.0,,,1443.0,,,,,,,,,,,,,,,,,,,,,,,,,,,,,,,,,,,,,,,,,,,,,,,,,,,,,,,,,,,,,,,,152364.0,,,0,1,0,0,0,0,0,0,0,0,0,0,0,1,0,0,10,0,0,0,0,0,0,0,0,0,0,9,0,0,0,0,0,0,0,0,0,0,0,0,0,0,0,0,0,0,0,0,0,0,0,0
LightGBM,https://github.com/Microsoft/LightGBM,48074943,f,t,t,9057,4891,348.0,120780.0,943,2016-08-05 05:45:50,2016-10-11 07:42:22,2019-05-31 17:36:19,59,146,microsoft.com,18,36,2,3,789019.0,t,t,f,Microsoft,MICROSOFT CORPORATION,,MIT,"['gbdt', 'gbm', 'machine-learning', 'data-mining', 'distributed', 'lightgbm', 'gbrt', 'microsoft', 'decision-trees', 'gradient-boosting', 'python', 'r', 'parallel', 'kaggle']",,,,,,35755.0,,,17392.0,,1558811.0,617438.0,,,,,,,,,,,,127749.0,,,,,,,,,374429.0,,,,,,,31709.0,,,,,,,,,,,,,44575.0,,,,,,,,,,,,,,,,,,,,22736.0,,,,,,,,,,,,,,,,,,3573.0,,,,,,,,7,10,9,10,13,4,8,15,10,5,8,4,1,11,7,9,7,13,9,13,14,10,5,4,12,6,10,11,9,6,6,16,11,15,8,13,12,13,3,6,9,20,13,30,35,21,18,41,11,6,11,8
pinpoint,https://github.com/naver/pinpoint,14897549,t,f,f,9043,6156,6956.0,608101.0,3189,2014-10-20 09:27:22,2014-12-29 09:33:52,2019-05-30 00:49:58,57,92,navercorp.com,5177,5286,10,59,,,,,naver,,,Apache-2.0,"['apm', 'monitoring', 'performance', 'agent', 'distributed-tracing', 'tracing']",1458789.0,5329.0,210475.0,,174132.0,7264.0,200.0,100560.0,,1423.0,,,,,,,,,,90674.0,,,,,,,,18349248.0,,,,,,,,,,,,,,,,,,,,,,,,,,,,,,,,,,,,,,,15886.0,,,,,,,,,,,,,,,,,,,,,,,,,,,,,,443.0,,17,13,12,12,4,10,8,11,13,8,31,13,19,13,12,16,13,20,12,6,15,22,17,19,13,8,9,2,4,15,15,10,6,23,11,6,10,10,6,4,6,9,2,11,23,19,18,14,11,6,10,7
uCrop,https://github.com/Yalantis/uCrop,30529755,f,t,t,9015,277,139.0,65259.0,107,2016-01-05 13:41:06,2016-01-21 11:35:53,2019-04-05 08:55:59,32,45,yalantis.com,11,11,3,3,,,,,Yalantis,,,,"['android', 'java', 'image', 'photo', 'crop', 'animation', 'scale', 'rotation']",,,,,,,,,,,3780.0,,468.0,,,,,,,,,,,,,,,225789.0,,,,,,,,,,,,,,,,,,,,,,,,,,,,,,,,,,,,,,,,,,,,,,,,,,,,,,,,,,,,,,,,,,,,,,,0,0,0,0,0,2,0,0,0,0,0,0,0,0,0,0,0,0,0,0,0,3,0,0,0,0,0,0,0,0,0,0,0,0,0,0,0,0,0,0,0,0,0,0,0,0,0,0,0,0,0,0
napajs,https://github.com/Microsoft/napajs,71648443,f,t,t,8995,528,486.0,67686.0,139,2017-07-18 21:41:10,2016-12-07 21:24:22,2018-10-29 20:43:13,12,42,microsoft.com,120,183,4,8,789019.0,t,t,f,Microsoft,MICROSOFT CORPORATION,,NOASSERTION,"['javascript', 'multithreading', 'nodejs', 'napajs', 'runtime', 'parallel', 'multi-core']",166363.0,59057.0,,,,,215.0,,,,528609.0,,,,,,,,,,,,,4354.0,,,,,,,,,,,,,,,,14119.0,,,,,,,,,,,,,,,,,,,,,,,,,,,,,,,,,,,,,,,,,,,,,,,,,,,,,,,,,,,0,0,0,0,0,0,0,0,0,0,0,0,0,0,0,0,0,0,0,0,0,0,0,0,0,0,0,0,0,0,0,0,0,0,0,0,0,0,0,0,0,0,0,0,0,0,0,0,0,0,0,0
vant,https://github.com/youzan/vant,62729619,t,t,t,8991,2902,864.0,113750.0,1417,2017-04-19 07:55:31,2016-12-27 12:11:05,2019-05-31 13:36:04,25,83,youzan.com,10,21,3,3,,,,,youzan,,,MIT,"['vue', 'mobile', 'components', 'vant', 'vue3', 'ui-library', 'ui-kit']",866357.0,248241.0,,,2390.0,,,,,,,,,,,,,,566.0,278582.0,,,,,,,,,,,,,,,,,,,,,,,,,,,,3265.0,,,265745.0,,,,,,,,,,,,,,,,,,,,,,,,,,,,,,,,,,,,,,,,,,,,,,,5631.0,31,46,27,20,30,34,35,13,19,38,19,21,27,40,68,61,46,51,45,33,29,102,107,61,70,85,70,54,81,28,52,29,33,67,78,60,84,45,80,60,57,29,29,37,24,35,60,29,38,40,30,30
reaction,https://github.com/reactioncommerce/reaction,13631210,f,t,f,8878,20107,2910.0,241224.0,2186,2013-09-18 15:30:36,2014-06-03 18:40:22,2019-05-31 22:40:21,128,163,reactioncommerce.com,411,468,6,8,,,,,reactioncommerce,,,GPL-3.0,"['ecommerce-platform', 'ecommerce', 'commerce', 'reactioncommerce', 'e-commerce', 'javascript', 'cart', 'shop', 'storefront', 'marketplace', 'docker', 'mongodb', 'headless', 'graphql', 'reaction-action']",,587471.0,,,,12171.0,,,,,,,,,,,,,,,,,,,,,,,,,,809.0,,,,,,,,,,,,,,,,,,,,,,,,,,,,,,,,,,,,,,,,,,,,,,,,,,,,,,,,,,,,,,,,,,,22,26,23,55,53,24,2,0,6,0,2,0,0,3,12,1,0,0,0,3,0,0,0,0,0,1,5,0,4,2,1,0,0,0,3,0,1,2,0,0,0,0,0,1,3,3,1,0,0,0,0,0
turicreate,https://github.com/apple/turicreate,82623576,t,f,f,8786,1947,,,873,2017-12-01 00:42:04,2017-12-07 20:14:27,2019-05-31 23:00:13,29,69,apple.com,986,1349,14,56,320193.0,t,t,f,Apple,APPLE INC,,BSD-3-Clause,"['machine-learning', 'deep-learning', 'python']",,1986721.0,193439.0,,22653.0,60958.0,,22649.0,,,14317497.0,4259524.0,5746.0,,,402165.0,285595.0,,,,,,,53728.0,,,,,,,,9790.0,,,,881661.0,,,,154252.0,,,,,,,,,,,,,,,,,,,,,,,,,,,,,,,,,,,,,,,,,,,,,,,,,,,,,,,,,,,9,15,8,8,6,7,10,6,4,2,0,1,0,4,2,2,8,0,8,5,1,1,3,0,4,0,3,7,6,1,0,0,0,0,0,0,0,0,0,0,0,0,0,0,0,1,0,0,0,0,0,0
FileDownloader,https://github.com/lingochamp/FileDownloader,30155281,f,t,t,8753,774,217.0,29816.0,40,2015-12-22 11:17:16,2015-12-21 12:25:40,2019-02-27 02:46:07,9,8,liulishuo.com,0,0,0,0,,,,,lingochamp,,,Apache-2.0,"['filedownloader', 'multiple-process', 'multiple-thread', 'downloader', 'download', 'android', 'multitasking', 'breakpoint', 'high-concurrency']",,,,,,267.0,,,,,,,,,,,,,,,,,,,,,,695227.0,,,,,,,,,,,,,,,,,,,,,,,,,,,,,,,,,,,,,,,,,,,,,,,,,,,,,,,,,,,,,,,,,,,,,,,0,0,0,0,0,0,0,0,0,0,0,0,0,0,0,0,0,0,0,0,0,0,0,0,0,0,0,0,0,0,0,0,0,0,0,0,0,0,0,0,0,0,0,0,0,0,0,0,0,0,0,0
yapi,https://github.com/YMFE/yapi,67189162,t,t,t,8666,1588,475.0,78302.0,91,2016-05-30 09:09:09,2017-08-01 07:55:37,2019-05-30 11:19:29,41,60,qunar.com,688,681,6,7,,,,,YMFE,,,Apache-2.0,"['api', 'api-manager', 'api-management', 'api-test']",,1127150.0,10510.0,,3069.0,,,90319.0,,,,,,,,,,,,10173.0,,,,,,,,,,,,,,,,,,,,,,,,,,,,,,,,,,,,,,,,,,,,,,,,,,,,,,,,,,,,,,,,,,,,,,,,,,,,,,,1,1,0,0,1,5,0,0,2,3,0,1,0,0,1,0,0,1,0,1,0,0,0,0,0,0,1,0,1,0,0,0,0,0,0,0,0,0,0,0,0,0,0,0,0,0,0,0,0,0,0,0
